20221021_144052-min.jpg,right_high_knee,3225.7505,1267.7448,-2030.7046,3322.3782,1128.9956,-1876.7294,3387.632,1132.5974,-1876.7377,3454.8525,1135.0245,-1875.1736,3139.2554,1117.6533,-1871.1498,3069.5393,1110.7516,-1870.0715,2999.8215,1104.58,-1870.9229,3536.2468,1229.6233,-901.5694,2910.5337,1180.444,-847.69696,3336.148,1456.8965,-1676.991,3096.7349,1438.1416,-1652.2833,3906.9092,2131.2104,-310.36615,2455.7354,1968.4546,-499.6255,4029.2527,3157.0667,56.467983,2107.3865,3047.692,-307.1649,4022.8857,4139.096,-525.8331,2025.7471,3850.5337,-769.83655,4114.6646,4413.4,-721.10846,1962.8917,4081.0088,-776.1783,3995.6104,4414.604,-949.23706,2018.1381,4078.3967,-1105.071,3899.2192,4315.9653,-617.0316,2105.387,4019.6084,-891.9619,3445.2769,3937.9092,66.63142,2612.7756,3717.885,-66.37095,3133.0264,5611.6606,-245.4615,2537.241,4035.647,-4541.0244,3023.9375,6805.7153,1053.9669,2664.4233,5574.477,-2467.3997,2937.4622,6954.917,1093.4512,2733.0613,5742.444,-2285.466,3135.354,7375.6763,-273.1836,2631.9792,6283.315,-3359.597
20221021_144052.jpg,right_high_knee,3235.1191,1254.6415,-2207.69,3325.1902,1117.8536,-2047.9517,3389.069,1120.1799,-2047.9353,3454.8508,1121.3188,-2046.204,3144.9373,1110.3303,-2046.0966,3076.1282,1105.3846,-2045.1443,3007.2134,1101.1052,-2046.2429,3529.2117,1217.1671,-1035.184,2914.0383,1181.5493,-997.8492,3341.2534,1438.776,-1836.152,3106.1875,1425.7277,-1816.0826,3881.4626,2108.7625,-382.8239,2464.6548,1973.2078,-624.19366,4020.416,3146.007,41.710693,2161.9126,3087.8135,-514.34955,4005.7136,4124.466,-618.8,2026.3195,3902.6191,-946.0711,4085.2363,4399.1704,-834.4462,1959.0089,4122.1055,-944.8113,3974.161,4397.128,-1089.1062,1971.3623,4134.7417,-1319.9166,3879.5847,4299.3394,-726.50397,2066.4177,4084.1094,-1094.9414,3417.5483,3902.8945,80.99714,2612.1982,3719.2612,-80.75148,3140.5486,5518.8022,-252.64746,2626.5962,4170.6577,-4579.465,3001.8042,6791.0996,971.51324,2691.0103,5666.796,-2338.5913,2899.2476,6961.841,996.4537,2733.252,5813.3535,-2132.279,3121.8691,7319.236,-479.4749,2684.7515,6344.284,-3241.0989
20221021_144104.jpg,right_high_knee,3241.85,2826.6653,-6131.9175,3343.0771,2713.9536,-5890.4507,3403.2212,2722.557,-5890.1265,3463.9963,2730.094,-5889.174,3179.6716,2690.285,-5858.6987,3119.0017,2679.1843,-5855.295,3057.553,2668.89,-5853.7114,3540.519,2812.375,-4139.7964,2974.279,2724.3843,-3965.386,3335.606,2979.9407,-5464.4053,3111.9553,2943.317,-5419.0,3841.5334,3628.6702,-2651.3777,2452.2527,3429.8848,-2644.77,3976.2625,4561.6367,-1712.989,2171.9067,4472.324,-2271.047,3944.0896,5507.271,-3386.5078,1894.1195,5304.1113,-3689.8628,3983.465,5775.7163,-3867.0168,1821.6267,5513.499,-4036.201,3913.484,5804.4873,-4342.7783,1809.4117,5555.4966,-4710.54,3822.6528,5701.5913,-3594.5403,1940.4012,5474.6323,-4009.336,3256.8376,5514.5225,-1.8150783,2413.1272,5381.5737,9.742438,2882.6099,7130.152,-1563.4452,2326.0325,6570.0757,-4207.0117,2745.4058,8413.761,1570.46,2591.5522,7835.7646,-41.92031,2721.2058,8601.638,1753.6061,2695.84,7959.1113,300.53607,2609.1038,9003.473,-400.98816,2451.5874,8530.816,-1465.1226
20221021_144111-min.jpg,right_high_knee,3620.729,1031.9681,-3350.4375,3778.319,834.22925,-3168.3462,3870.619,835.855,-3168.621,3964.809,836.4155,-3167.7686,3548.9634,829.46466,-3048.44,3464.5588,825.1343,-3047.678,3379.6152,822.1836,-3048.6892,4141.0347,988.1766,-1920.2997,3342.458,950.7978,-1345.0472,3816.612,1271.1064,-2885.946,3490.4326,1256.8467,-2715.788,4660.281,2193.9788,-1224.6012,2895.9067,2030.4075,-617.0886,4842.8647,3496.6611,-963.42596,2732.5159,3431.068,-396.4043,4663.2227,4793.776,-2104.4836,2596.8823,4477.766,-1508.5282,4728.5513,5214.1353,-2540.8835,2522.1611,4835.032,-1791.0099,4540.8354,5216.992,-2913.6006,2595.8137,4809.867,-2189.8384,4430.6636,5050.8853,-2268.9355,2701.0574,4680.9126,-1692.4764,3808.9783,4785.5815,-269.52264,2818.091,4510.786,280.58923,3486.322,6433.7524,113.8985,1688.7391,5212.2676,-3958.13,3351.304,7452.5034,3340.0715,2394.5754,6479.6743,48.282074,3282.2554,7522.371,3583.607,2677.18,6594.1157,428.40393,3309.3652,8312.363,2136.521,1967.9857,7339.9644,-752.96686
20221021_144111.jpg,right_high_knee,3590.975,1007.823,-3484.2356,3754.6914,817.70465,-3313.8604,3845.2625,821.4204,-3314.2166,3937.5723,824.0674,-3313.2756,3533.1553,809.03766,-3173.3123,3452.1697,803.93604,-3172.8362,3370.521,800.2453,-3173.7578,4115.2046,985.58356,-2097.5498,3344.9683,934.6151,-1442.4601,3781.8728,1254.5023,-3033.042,3465.1816,1235.0118,-2838.1223,4653.4644,2202.143,-1399.7333,2878.6523,2052.134,-632.52637,4861.51,3525.743,-1127.0884,2714.247,3467.5264,-381.4392,4673.523,4838.09,-2182.0808,2514.062,4423.1987,-1649.406,4735.748,5258.6016,-2608.039,2431.6707,4746.1104,-1963.2826,4550.87,5259.534,-3010.3252,2472.9292,4711.0576,-2382.7056,4446.892,5091.4517,-2355.4597,2585.2075,4592.7305,-1851.6628,3834.0007,4803.1562,-262.05368,2843.9478,4529.816,272.55603,3475.1057,6467.2944,111.38544,1759.9321,5275.212,-4188.172,3343.613,7467.4683,3603.3147,2390.862,6520.9756,-57.740025,3284.8308,7541.1475,3871.0625,2665.138,6647.1167,333.85608,3254.0334,8289.92,2416.4595,1916.065,7332.082,-876.9704
20221021_144116.jpg,right_high_knee,3226.3435,5224.721,-2913.3218,3411.3257,5361.086,-2973.9004,3410.954,5410.974,-2975.7153,3408.0708,5460.4434,-2977.9778,3413.0151,5210.9463,-2996.9126,3419.6794,5147.711,-2996.8232,3424.5293,5083.0557,-2997.268,3341.2434,5381.9595,-2679.3582,3375.133,4879.6606,-2759.4485,3023.4612,5164.041,-2738.0588,3040.795,4973.7627,-2751.8938,3033.097,4901.969,-1543.5151,2582.9985,3930.0928,-3044.5132,2718.9067,5758.3594,-1164.6149,1041.3096,3387.6543,-2936.1545,2970.5522,6891.49,-2237.0354,1064.058,4485.5703,-2267.8142,3082.9175,7328.973,-2748.818,898.2212,4846.115,-2429.3796,3176.6545,7286.006,-2598.1504,1286.5251,4903.63,-2552.6174,3110.6672,7058.387,-2277.696,1347.2319,4773.3286,-2313.8152,2308.4082,1959.4276,657.4047,2128.6296,1636.6877,-649.9338,2279.9092,1340.7529,3738.1697,1563.0583,667.8809,1843.2119,2558.025,776.51044,5080.1953,2497.0964,325.39267,3969.604,2708.598,687.92084,5255.265,2722.2207,317.71533,4244.468,2295.314,653.78876,6085.237,2320.3079,222.2681,5038.8164
20221021_144121.jpg,right_high_knee,3021.7766,507.77103,-2890.1934,3051.4424,321.10764,-2661.421,3115.742,320.76694,-2660.1814,3182.6577,319.60727,-2661.5002,2865.3054,323.05646,-2864.1956,2778.8174,320.34995,-2865.8098,2692.3967,318.964,-2867.4265,3141.0825,427.1438,-1371.7247,2499.8271,424.6583,-2218.7915,3101.7727,706.182,-2380.8044,2825.3015,705.7545,-2628.4626,3382.6814,1486.3307,-218.57678,1963.7454,1602.4167,-2551.7534,3321.1707,2930.596,595.3833,1726.3466,3248.712,-2409.4883,3340.834,4097.726,398.17294,1848.5385,4559.5063,-2116.1829,3343.3538,4454.1953,454.40802,1770.8138,4930.1187,-2229.1792,3374.9275,4444.864,119.348465,1943.3591,4941.6895,-2375.7737,3301.0798,4330.8057,259.49054,2041.6232,4798.0327,-2149.1982,3217.3806,4041.3958,920.3396,2483.161,4163.0283,-915.3854,3863.9983,5449.145,1577.2152,3631.6882,5451.1875,-885.34357,3537.4954,6126.48,4271.527,3218.0735,6097.02,2493.5476,3346.925,6223.5977,4533.754,2974.4832,6128.269,2854.5813,3971.7292,6630.5703,4448.931,3622.7334,6782.608,2970.8281
20221021_144142-min.jpg,right_high_knee,3965.2068,1020.3154,-4885.1895,4107.4453,746.76276,-4755.767,4209.011,746.1529,-4753.861,4312.4614,745.0578,-4755.61,3840.6318,734.967,-4754.3403,3735.1306,722.8277,-4756.445,3630.029,712.8277,-4756.255,4426.9136,830.7538,-3381.7395,3503.9875,778.52246,-3348.355,4141.2354,1240.6879,-4325.9307,3769.356,1222.5897,-4309.289,4959.966,2042.1431,-2339.5632,2890.804,1813.1807,-2152.8855,5199.8813,3356.2183,-1070.386,2780.7178,3097.658,-401.74243,5208.14,4416.759,-906.3068,2813.6763,4167.902,109.547806,5281.863,4741.785,-920.9491,2774.8662,4466.8555,228.32811,5174.886,4729.073,-1286.3092,2819.4966,4456.786,-104.00676,5055.17,4609.4155,-1029.2621,2925.5752,4350.293,0.16025768,4185.2144,4544.2427,79.9422,3119.8647,4434.504,-75.891106,3996.6853,5996.5913,1242.9303,2830.9297,5894.316,-267.35083,3877.1162,6178.0176,5674.0645,3287.3262,6014.5186,5159.5415,3807.0918,6095.266,6118.8325,3359.6792,5877.0947,5706.724,3897.9355,6870.9067,5561.915,3488.6921,6802.515,5426.0386
20221021_144142.jpg,right_high_knee,3968.8955,1017.5347,-4975.1763,4107.3438,736.38416,-4868.48,4209.8477,733.0995,-4866.804,4314.3276,729.4269,-4868.3286,3839.1523,731.7989,-4855.0054,3733.2798,722.29553,-4856.5938,3627.974,714.7863,-4856.352,4436.401,813.6573,-3576.4163,3506.7798,784.6177,-3498.646,4153.774,1236.0575,-4443.562,3779.277,1227.0518,-4414.793,4995.767,2030.4298,-2488.0417,2888.2153,1834.3234,-2438.9565,5242.1504,3316.3896,-1329.5634,2738.2998,3150.0264,-979.29724,5196.781,4385.7583,-1507.6138,2786.2966,4197.1055,-776.5522,5258.5146,4716.441,-1614.6868,2748.5725,4489.3096,-779.7021,5151.7246,4715.566,-1976.6262,2815.3032,4488.0503,-1107.7336,5034.576,4590.2373,-1639.8771,2927.1858,4374.6953,-896.5015,4175.6084,4504.176,96.01168,3115.154,4402.5723,-90.35438,4049.6965,5868.9263,1539.9288,2812.3977,5876.8447,433.90973,3879.62,6143.1743,5787.4136,3229.4019,6011.286,5542.1196,3789.1548,6083.1294,6209.1543,3296.1094,5871.816,6051.6353,3935.2104,6834.301,5579.979,3422.6338,6822.53,5708.1704
20221021_144149.jpg,right_high_knee,4045.6907,1129.1056,885.82965,4157.848,1025.2223,1195.1814,4215.7383,1031.1873,1195.301,4275.89,1035.218,1196.2941,3988.7803,1007.22266,1262.6432,3934.538,993.8571,1262.8947,3879.3154,981.8442,1261.687,4340.5996,1155.8237,2594.8699,3805.0593,1051.2142,2957.3923,4123.68,1331.8326,1369.3068,3913.1448,1292.6863,1469.751,4617.817,2058.8984,2119.5015,3310.7683,2009.7826,4069.5276,4965.8945,3191.724,1425.6506,2925.693,3061.71,4509.9434,5304.402,4243.8857,559.6626,2668.0303,3968.9841,3815.2703,5482.5034,4498.742,201.61523,2582.2163,4245.4575,3593.1272,5383.665,4494.0493,-42.544872,2667.0127,4228.8003,3330.844,5280.4014,4423.0854,456.76465,2750.3274,4145.8003,3669.3003,3616.757,4190.0547,-787.35583,2745.548,3857.9143,799.45215,2832.269,5520.295,-2566.1294,1469.3324,2775.4177,-3071.1418,2422.158,7392.6323,-2010.3716,1708.4233,5245.517,-2238.957,2424.4075,7563.7104,-1990.7288,1989.0874,5604.495,-2222.7534,1930.9019,8292.492,-3774.8794,1127.0499,6043.535,-3710.0574
20221021_144155.jpg,right_high_knee,4918.5435,849.1151,-1761.6423,5017.124,773.726,-1487.3511,5069.9062,795.4288,-1487.5725,5125.449,816.195,-1486.88,4855.0073,719.21466,-1483.4666,4794.3643,697.4246,-1481.8977,4733.37,676.4858,-1481.4924,5128.9277,939.4519,-109.465454,4606.6685,748.71277,-62.507427,4957.9487,1057.9543,-1281.3395,4742.006,977.864,-1262.3384,5233.329,1918.5004,263.9101,3905.3635,1547.2079,593.59576,5196.805,3122.8079,322.7303,3272.335,2541.0828,1084.7552,5197.6084,4257.6104,-625.74365,2986.9248,3337.8967,-87.63251,5303.0137,4580.0254,-916.556,2876.467,3621.001,-356.2965,5179.715,4593.472,-1187.3516,2972.1394,3593.206,-683.4052,5080.655,4482.705,-737.65643,3044.9553,3503.8835,-233.00978,4319.1675,3878.4248,-81.604385,3541.4158,3526.6406,85.92586,3708.5657,5031.334,-1050.3756,3229.4333,3046.7747,-4774.5386,3368.7952,6742.0767,756.27795,3058.6917,5432.376,-3720.072,3396.2778,6872.5737,867.9224,3123.5598,5645.7183,-3629.5173,2970.0837,7650.0537,-620.8308,2968.9,6560.1265,-5237.6865
20221021_161144-min.jpg,right_high_knee,1625.2129,1126.5667,367.0141,1602.1523,1137.8792,272.65225,1601.3539,1140.5256,272.87894,1600.871,1143.8619,271.72037,1595.4679,1149.7961,297.83417,1585.5927,1161.6692,298.03568,1575.9271,1171.4015,296.39032,1540.3553,1202.9934,-4.994374,1528.151,1243.7979,131.63889,1617.5712,1154.1906,304.40744,1586.445,1163.94,341.36288,1583.7634,1296.3275,-60.531834,1496.3145,1530.9026,-179.9384,1969.6343,1331.231,-123.49076,2129.861,1651.1775,-459.21472,2010.8467,1651.5348,38.016476,2338.5547,1798.4033,-986.8844,1987.8309,1739.0845,-141.14159,2415.0022,1847.1241,-1058.6704,1979.2426,1782.0001,-165.61696,2351.947,1853.9736,-1011.11523,1979.0336,1757.6345,-5.4814754,2329.4822,1823.8403,-985.9981,1711.6824,1384.0421,8.908149,1629.066,1518.1898,-7.7444215,1673.0475,2372.221,1064.6542,1754.986,2433.8833,811.2563,1702.3877,3214.0112,1988.3495,1943.9111,3379.7537,1393.5421,1731.7734,3300.5571,2063.2002,1958.1771,3488.2783,1449.4929,1603.0996,3556.1885,1888.8802,2040.2957,3747.3125,1283.2588
20221021_161150-min.jpg,right_high_knee,1406.4143,1871.6501,96.88,1492.0009,1886.7552,76.381454,1509.3884,1884.5469,77.75626,1525.8578,1882.727,76.65026,1462.5356,1888.9326,-13.134921,1456.6743,1889.6576,-11.878624,1449.8,1889.1895,-12.370262,1546.1136,1862.5598,84.387535,1442.3925,1870.1813,-308.59595,1384.053,1847.3839,125.902534,1346.4083,1848.8154,13.786238,1398.3235,1659.9739,415.95435,1195.7113,1829.2118,-654.87036,1359.5391,2130.3298,799.4098,1077.0948,2308.878,-772.08966,1367.9154,2632.5166,655.45123,1192.0491,2913.7583,-515.55023,1429.7838,2729.2664,630.2908,1191.8237,3095.1572,-599.89844,1392.8779,2758.477,507.08917,1306.7643,3084.528,-573.934,1352.4169,2737.108,602.67236,1306.4375,3021.4287,-493.94904,1006.00714,749.82666,317.5409,901.45355,844.1912,-316.6129,875.2813,1606.4556,961.2895,857.8443,1656.0703,150.17293,1005.52814,1915.1108,1590.2855,1004.3475,2089.3618,1152.53,1003.13324,1984.9436,1644.1388,1034.5958,2127.17,1246.6893,1192.466,2127.747,1318.6332,1152.45,2391.1787,885.8296
20221021_161151-min.jpg,right_high_knee,1514.6959,782.4184,-1336.8054,1537.9839,688.7468,-1232.0227,1569.8688,686.64777,-1231.6671,1602.5718,684.15894,-1231.6416,1446.0957,691.85126,-1300.246,1406.4852,690.86444,-1300.116,1366.8502,690.4423,-1300.647,1601.7655,722.56195,-587.99066,1285.482,730.9155,-845.57935,1557.3068,868.35254,-1083.5631,1428.9724,872.5965,-1159.4707,1689.8818,1204.2794,-52.55421,1013.7959,1184.7401,-767.7545,1638.202,1731.7207,132.7126,858.23816,1818.1383,-690.8055,1535.8994,2038.6238,-514.57666,768.3756,2356.7273,-800.68835,1512.0549,2152.2847,-660.52325,698.75385,2489.233,-852.99854,1496.2539,2105.788,-798.82983,749.943,2513.873,-1028.112,1477.5623,2069.9312,-593.1482,812.2659,2478.5557,-863.1088,1444.4596,2314.4846,297.93304,1082.0131,2314.3066,-295.16125,1578.0293,2958.675,87.9891,1387.1534,2904.999,-1191.3163,1466.7643,3516.1267,1110.1724,1427.3978,3585.5837,-122.78001,1366.9109,3605.0134,1177.9138,1357.8477,3668.466,-44.984646,1719.9664,3779.2634,742.83093,1681.2811,3910.8037,-608.2309
20221021_161152-min.jpg,right_high_knee,1581.983,425.10318,-1609.6965,1615.7411,355.147,-1506.8962,1645.0834,355.69788,-1506.6375,1675.1444,355.88492,-1506.6057,1532.576,353.3027,-1526.0149,1498.4912,350.909,-1525.5444,1464.2798,349.20953,-1525.7794,1690.4935,398.53217,-836.27234,1403.9485,385.15924,-909.308,1625.9353,504.8499,-1356.5684,1509.8348,500.7398,-1373.6556,1812.9316,850.49915,-334.95673,1134.7397,780.1577,-613.7764,1817.6477,1355.0253,-15.433984,995.4103,1311.5881,-392.37488,1767.6825,1763.8809,-468.99554,926.40344,1741.4723,-728.41736,1774.2823,1892.8182,-572.0343,885.161,1857.3843,-808.18634,1731.1757,1879.9249,-746.8,912.3771,1867.5691,-999.73096,1697.7399,1835.4683,-537.21814,964.21466,1837.5419,-807.86884,1527.8414,1778.469,181.13882,1160.9954,1737.921,-179.2016,1496.0181,2369.4087,640.6334,1445.2117,2180.8406,-1721.8422,1366.163,2818.8643,2260.9639,1413.3538,2852.3179,-757.71533,1299.0662,2868.9265,2392.1372,1370.6262,2908.9102,-687.9789,1453.7847,3081.9912,1852.8727,1554.5752,3204.3523,-1417.2445
20221021_161154-min.jpg,right_high_knee,1266.041,473.54065,-2148.968,1297.2095,403.39197,-2048.2373,1324.8759,399.7084,-2048.1252,1353.2439,395.43903,-2047.9187,1215.5201,413.2787,-2054.5344,1185.1676,415.48477,-2053.9456,1154.7944,418.31137,-2054.2551,1388.7806,431.1913,-1325.626,1116.9038,457.5678,-1348.3916,1323.5944,542.22644,-1876.5099,1218.4088,552.4102,-1879.1323,1590.0605,816.8061,-740.4069,962.1498,821.1468,-838.38055,1678.8562,1272.9268,-361.48517,901.72125,1287.2798,-476.21417,1707.3054,1686.85,-897.10846,896.5898,1671.8334,-955.6072,1745.402,1794.8833,-1047.6173,884.70557,1779.5437,-1061.6667,1716.2096,1801.8673,-1237.9072,885.9321,1781.159,-1304.6896,1674.8794,1765.605,-983.99615,920.3382,1745.9087,-1066.2821,1462.8827,1647.3154,93.999916,1110.9438,1638.1853,-93.836266,1476.8905,2267.4966,276.90393,1217.0994,1938.7249,-2052.653,1419.6626,2788.091,1558.851,1252.7319,2494.0115,-529.7362,1371.7512,2872.5925,1636.5099,1263.3839,2533.1155,-388.5799,1523.9587,2992.4583,853.93207,1261.5862,2791.2192,-1022.68427
20221021_161155-min.jpg,right_high_knee,1674.616,437.21582,-1581.1682,1727.3834,335.3938,-1521.375,1766.5442,332.7688,-1520.7985,1806.4546,329.7639,-1521.1755,1625.837,338.23395,-1508.5819,1586.5364,337.08765,-1509.4789,1547.3018,336.5536,-1509.654,1862.4904,368.10614,-978.6661,1512.1654,371.34433,-919.3216,1752.2668,521.33966,-1368.29,1611.2056,523.7887,-1348.5396,2090.2393,817.68164,-569.7554,1308.2418,811.4719,-457.0351,2162.7576,1367.2278,-171.65578,1253.0409,1374.6973,-31.488197,2195.8835,1842.127,-166.02518,1257.6982,1824.106,-234.95181,2229.8557,1977.4493,-181.20244,1240.32,1949.7358,-225.55418,2206.272,1987.2198,-343.79294,1247.3107,1948.7074,-382.98788,2157.8137,1942.5342,-228.01462,1293.8383,1902.0392,-299.04694,1870.5223,1902.982,27.142076,1460.2156,1865.7517,-25.184793,1796.3472,2559.107,541.42346,1318.9825,2351.2532,-965.6449,1768.5104,2934.3237,1958.6389,1553.0167,2796.0742,677.59186,1729.8568,2962.3699,2064.4075,1627.5497,2818.4248,820.48083,1819.1876,3254.012,1475.4207,1488.9714,3167.1736,324.845
20221021_144204-min.jpg,left_high_knee,1041.889,696.4099,-3177.2317,1100.1323,517.73645,-2837.2053,1169.4868,520.88525,-2837.476,1240.4246,522.5332,-2840.5603,898.0875,514.14825,-3055.4695,814.11237,512.6064,-3054.5344,730.12946,512.38324,-3056.0393,1256.8486,640.8503,-953.9333,566.4271,632.391,-1920.7787,1149.0885,915.73334,-2448.4854,869.3746,913.6968,-2730.6475,1714.819,1607.754,310.57736,87.77029,1816.0283,-1686.9402,2151.6143,2843.6938,1139.0789,384.66284,3059.741,-1746.7777,2465.5957,3619.6533,-245.9097,1232.6086,2934.9316,-1882.7227,2626.9302,3893.543,-594.64667,1507.9015,2976.02,-2142.498,2570.8596,3833.4126,-940.23694,1454.0728,2805.717,-2272.884,2463.6426,3758.3423,-457.4066,1388.9524,2797.3284,-1888.6295,2132.224,4012.183,681.01855,1188.2595,4422.95,-676.18494,3187.0144,4463.0635,-2047.028,1745.2744,5955.133,-924.2114,2708.0112,5532.4473,1371.241,2044.8589,7105.5737,2709.294,2446.8064,5559.5605,1730.4357,2031.4537,7196.8076,3006.1304,3099.3364,6423.9004,831.9462,2486.9001,7852.186,1318.3091
20221021_144204.jpg,left_high_knee,998.319,703.9368,-3297.3865,1052.4603,530.2005,-2934.413,1121.7069,528.29865,-2934.6404,1192.5046,524.9066,-2937.469,853.34454,542.25037,-3118.6167,772.6072,547.01685,-3117.5298,691.9721,553.1146,-3118.6753,1236.6212,646.51086,-1015.20465,559.453,689.46027,-1820.7931,1129.1384,912.31537,-2565.846,851.35504,931.0443,-2801.4556,1767.3782,1642.8408,354.678,139.61238,1869.8981,-1625.2495,2188.5195,2902.5828,1334.9817,542.0504,3078.3984,-1697.5223,2561.8965,3690.312,-112.59329,1331.2455,2982.5898,-1949.532,2730.9917,3943.9624,-481.70798,1605.6708,3035.335,-2233.6362,2700.5535,3884.007,-896.24646,1536.7123,2862.8425,-2417.9458,2592.8994,3816.5522,-356.1097,1470.744,2850.4868,-1983.4618,2133.6104,4032.998,605.60333,1174.6683,4430.52,-600.4056,3220.9875,4501.9834,-2390.297,1755.0989,5961.9614,-1092.9204,2696.3494,5572.4844,1238.5511,2052.037,7078.6084,2915.4517,2429.6133,5586.4565,1618.8011,2058.4258,7146.683,3242.9185,3070.2756,6488.4673,566.8783,2431.5889,7879.146,1517.327
20221021_144209-min.jpg,left_high_knee,1838.774,1714.2007,-3756.9517,1907.0557,1556.7131,-3465.3394,1975.2299,1552.1638,-3464.5938,2045.0497,1546.2561,-3464.8845,1716.1383,1575.5765,-3520.1372,1645.1196,1581.5253,-3519.8782,1574.3755,1588.9254,-3519.471,2135.0366,1643.9459,-1810.7445,1500.8962,1705.2424,-1956.412,1988.7872,1889.6055,-3119.2117,1732.132,1914.253,-3167.7979,2734.0383,2474.22,-485.67535,1173.857,2813.615,-1065.769,3014.4417,3566.194,815.8666,1188.4998,3970.9229,-180.19217,3406.2625,4392.007,52.241714,1129.8171,5040.049,-764.4113,3545.6357,4638.1714,-221.1591,1043.8182,5312.3667,-705.11,3569.0566,4633.5127,-731.76074,1074.2498,5353.4595,-1384.1208,3471.2004,4587.9883,-193.46059,1207.3885,5257.6177,-1009.8979,3113.0466,4499.9795,244.21153,2177.7532,4836.138,-239.6009,4206.1377,5315.1143,-3447.1367,2708.3633,6430.641,-1433.5247,3738.046,6575.9746,19.605099,2850.3599,6980.0957,3714.1438,3527.4915,6598.4736,336.01465,2849.6206,6964.59,4207.4253,3896.935,7489.593,-990.3756,3055.6777,7656.8853,3361.6455
20221021_144209.jpg,left_high_knee,1870.3861,1731.1917,-4232.819,1929.6519,1563.0028,-3931.5322,1999.6265,1555.2241,-3930.8826,2071.2588,1546.089,-3930.6465,1732.6213,1591.0604,-3989.0618,1657.9115,1600.3566,-3988.6309,1583.6416,1611.2723,-3989.024,2156.8745,1639.3507,-2181.5728,1496.9275,1732.765,-2342.564,2026.4164,1900.4302,-3549.5688,1758.1271,1936.6117,-3601.3967,2756.8062,2460.4475,-786.9958,1181.7941,2843.5217,-1283.0784,3027.9038,3562.2625,658.63416,1212.5305,3976.6902,-405.5571,3416.326,4399.3154,79.08059,1131.2759,5042.71,-1076.0006,3552.3877,4644.3306,-170.12514,1034.5782,5328.634,-1069.7535,3578.0325,4641.391,-705.66876,1068.7451,5357.2026,-1770.146,3485.0896,4593.658,-167.81639,1198.7314,5250.9497,-1337.9807,3122.6514,4510.5605,236.94444,2203.7722,4864.755,-230.93504,4215.0366,5298.723,-4002.555,2727.9905,6396.7397,-1361.5902,3729.4546,6579.9062,-276.83243,2876.5793,7021.3833,4209.7363,3511.3953,6602.2217,62.9214,2874.0986,7015.554,4738.7124,3918.1714,7493.7266,-1387.7745,3085.3289,7731.165,3824.59
20221021_161200-min.jpg,left_high_knee,1513.063,119.54606,-1673.1193,1554.4205,42.54019,-1527.0295,1586.5251,44.935944,-1526.2941,1619.7378,47.035217,-1526.8936,1463.1462,37.722946,-1573.1727,1428.6951,35.143017,-1573.3147,1393.9171,33.336044,-1573.8258,1649.2325,100.02625,-729.3776,1347.6896,83.74596,-866.909,1569.7229,221.73917,-1360.8739,1447.2794,214.90503,-1402.6024,1853.852,637.2808,42.464207,1060.9419,630.05194,-654.3712,1818.9332,1265.9232,742.174,978.09595,1349.412,-312.59842,1793.7864,1693.4252,320.66745,931.964,1906.2672,-409.17636,1796.3871,1842.1023,167.9121,889.6063,2049.411,-366.63544,1817.7137,1819.9384,-41.77427,908.8436,2061.2642,-645.79694,1785.8292,1772.2786,207.19275,975.0632,2010.7944,-501.2652,1778.4017,1771.86,208.31128,1274.1039,1824.8182,-205.69116,2311.405,2250.0962,-1786.1481,1460.2855,2618.0122,-410.76178,2005.4175,2900.434,-294.06735,1513.132,3182.6677,1745.1089,1900.7189,2908.1746,-167.28624,1495.9377,3218.77,1933.3455,2034.7153,3354.8767,-984.7827,1656.4982,3583.5225,1202.9177
20221021_161201(0)-min.jpg,left_high_knee,1565.0159,289.15762,-1878.9482,1605.062,200.46199,-1804.567,1640.0994,200.19781,-1803.7574,1676.2625,199.67986,-1804.1595,1507.7385,202.64435,-1816.7043,1470.829,202.34943,-1817.171,1433.8054,203.03166,-1817.9182,1717.6095,245.5591,-1175.5697,1388.574,250.93138,-1180.0238,1632.1183,384.64212,-1615.2556,1503.184,386.20056,-1616.5618,1962.1682,701.4753,-426.92502,1148.2113,787.1095,-788.70233,1988.103,1245.7065,567.8366,1113.4354,1386.5227,-326.49362,2030.6318,1702.4763,785.4533,1069.5339,1889.9307,-473.0401,2053.9934,1840.374,839.4951,1026.1141,2025.6238,-458.31506,2067.6533,1848.3362,624.1368,1051.3379,2029.495,-713.7723,2025.8354,1819.6399,712.3809,1118.2892,1985.5416,-559.7582,1901.0028,1777.0443,133.61653,1421.0942,1858.2982,-132.67923,2275.5906,2267.0115,-1679.3853,1552.1678,2661.057,-194.69012,1905.188,2929.059,-342.37543,1548.8293,3189.5562,1806.029,1800.8878,2921.1072,-220.48654,1535.1223,3211.5066,1980.073,1868.7616,3402.069,-1033.8689,1647.1698,3591.0806,1314.4667
20221021_161202-min.jpg,left_high_knee,1574.4797,431.0186,-1703.734,1616.1924,346.23944,-1624.332,1651.8514,345.04843,-1623.4119,1688.4819,343.44696,-1623.7566,1520.2344,350.69608,-1631.4365,1483.5924,351.3887,-1632.1158,1446.8722,352.87927,-1632.5677,1738.2418,392.24686,-1026.2383,1410.2357,404.6427,-1011.35394,1648.6122,519.62115,-1463.0822,1515.8523,524.90924,-1458.5118,1984.3196,817.10077,-455.0526,1221.8256,896.78467,-626.8665,2031.2656,1327.547,268.93936,1162.636,1428.0432,-88.47948,2101.149,1747.84,507.7292,1181.272,1922.515,-159.59764,2139.0173,1876.8596,547.9473,1149.5173,2064.8892,-110.26957,2135.4133,1880.4073,366.563,1187.8165,2055.5737,-312.24442,2096.2217,1852.5094,439.87964,1238.2998,2009.211,-223.7682,1958.1143,1847.8928,76.38046,1513.6956,1924.2565,-75.465645,2224.5654,2443.3894,-1086.912,1618.5782,2666.8154,-377.99203,1949.0387,2950.8372,295.74442,1631.6013,3183.374,1317.3304,1872.1083,2937.6797,416.9302,1638.7582,3215.4536,1459.2041,1913.5426,3391.226,-137.09157,1656.5479,3571.0574,960.411
20221021_161209-min.jpg,left_high_knee,1431.6625,53.86627,-2061.1958,1449.7842,-21.457672,-1973.5106,1474.029,-23.976921,-1973.5188,1499.2976,-27.18091,-1973.6016,1377.7592,-12.701035,-2017.2578,1350.58,-10.48398,-2017.6335,1323.5433,-7.2985888,-2017.5033,1529.2449,6.791711,-1298.9164,1282.6993,37.57453,-1435.4924,1484.982,135.12111,-1782.4272,1392.401,145.86092,-1820.8408,1817.4166,389.21606,-489.6897,1065.5679,531.54065,-1018.53577,1939.8124,905.297,569.50354,1086.036,1169.4259,-496.44568,1977.9639,1264.1271,786.9905,1128.5962,1644.1967,-443.86368,1991.356,1383.8646,772.7826,1115.1392,1755.8181,-392.56125,1981.246,1359.3867,588.50696,1115.7635,1752.2863,-659.53217,1946.0693,1331.4098,713.7267,1166.1599,1709.3749,-526.8937,1889.2854,1380.9325,157.54213,1453.5288,1511.7678,-156.15309,2310.7327,1828.5348,-2148.5603,1664.0488,2291.665,111.31606,2153.6316,2607.234,-1059.8848,1694.8296,2667.6873,2512.848,2050.0557,2694.067,-992.78613,1691.5142,2703.6133,2715.375,2340.767,2955.1428,-1873.0223,1777.9932,2961.1455,2082.869
20221021_161210-min.jpg,left_high_knee,1529.2299,446.13992,-2329.3525,1551.5117,349.10608,-2260.77,1585.7096,345.12268,-2260.1118,1620.7195,340.42453,-2260.4258,1455.5679,359.9006,-2308.388,1415.8221,362.6306,-2308.7576,1376.3679,366.4572,-2308.9504,1644.0879,377.00833,-1555.2336,1310.0479,414.22092,-1731.861,1591.0433,525.83636,-2025.112,1457.9832,541.0111,-2075.7068,1852.1669,745.4675,-654.26685,1109.6599,894.44904,-1221.741,1881.6047,1231.96,534.7396,1101.1638,1445.6785,-428.1989,1931.689,1558.8558,903.7198,1132.5679,1870.085,-35.34887,1954.0359,1672.8468,1003.55145,1107.4136,1989.5101,70.710266,1976.0521,1658.0804,812.15894,1136.7252,1991.206,-160.51064,1938.2695,1636.9867,838.06415,1191.7864,1945.6951,-93.005165,1904.9302,1719.4769,186.07541,1483.571,1849.3352,-185.10347,2264.7227,2186.698,-1361.0876,1678.9591,2561.526,-330.77957,2179.1506,2799.7822,-31.116663,1741.239,2850.4888,2059.8354,2093.7207,2847.8562,68.960686,1736.15,2857.8381,2276.5903,2328.2656,3196.1365,-646.5425,1839.5127,3180.4495,1828.4248
20221021_161211-min.jpg,left_high_knee,1271.2175,1029.9987,-1432.0222,1330.0607,969.24927,-1322.4602,1353.6638,982.0994,-1322.414,1378.1918,995.0055,-1322.9323,1259.1277,928.1146,-1381.3033,1230.1152,909.45685,-1381.8292,1200.7806,891.13617,-1381.9535,1356.6129,1019.7891,-632.2183,1118.4197,883.31464,-834.1543,1256.8102,1117.7094,-1157.5142,1164.0403,1063.3362,-1220.7094,1273.4801,1420.4203,-297.95813,644.79474,1104.5197,-457.87402,1099.1732,1932.0972,-848.2272,309.30838,1581.6981,-282.55804,950.1632,1855.3434,-1942.0571,8.415014,1998.2972,-272.01874,890.4078,1857.5632,-2179.775,-78.15459,2063.2107,-174.13791,902.5876,1772.7928,-2151.8987,-88.18163,2070.9707,-366.135,901.2162,1765.5377,-1962.3727,-24.685242,2065.8018,-326.20987,762.827,2258.3188,131.53625,343.41025,2162.966,-129.28189,1194.1332,2754.9272,-1703.8141,183.07007,2991.1008,-137.91461,601.26965,3523.7427,-1396.0814,-15.81801,3680.8203,609.71295,430.37854,3558.5134,-1380.6304,-45.134266,3749.1785,646.2497,711.0811,3972.6924,-2034.8267,-60.26104,4037.3425,34.00956
